rank,date,prediction_date,code,name,price,change_pct,score,context_source,ret_1d,ret_3d,ret_5d,ret_10d,ret_20d,volume_5_vs_20,close_above_ma20,ma5_gt_ma10,ma10_gt_ma20,near_high20_pct,above_low20_pct,up_days_5,volatility_10d,amplitude_1d,market_first_count,market_2plus_count,market_zt_count,prev_market_first_count,prev_market_2plus_count,prev_market_1to2_rate,open_gap_pct,open_gap_band_high,open_gap_band_mid,open_gap_band_low,open_to_close_pct,lower_wick_ratio,intraday_pullback_pct,open_position_in_day,amplitude_vs_20d,volume_vs_20d,near_limit_open,close_near_high
1,2026-09-22,2026-09-23,002290,禾盛新材,77.85,10.004239084357769,0.4502221241559218,previous_trading_day_state,10.004239084357769,20.697674418604638,25.808015513897843,15.128660159716034,25.443119561714454,1.1115024344528623,1,1,1,0.0,25.848690591658574,4,5.633624349512975,0.0,36,23,59,73.0,21.0,0.2191780821917808,10.004239084357769,1,0,0,0.0,0.0,0.0,0.0,0.0,0.5357737889051648,1,1
2,2026-09-22,2026-09-23,600770,综艺股份,6.63,9.950248756218905,0.43390615253804576,previous_trading_day_state,9.950248756218905,18.392857142857146,19.244604316546777,12.372881355932197,30.76923076923075,1.187541740734013,1,1,1,0.0,30.76923076923075,4,4.703392039375649,0.0,36,23,59,73.0,21.0,0.2191780821917808,9.950248756218905,1,0,0,0.0,0.0,0.0,0.0,0.0,0.415925531860156,1,1
3,2026-09-22,2026-09-23,600641,先导基电,43.74,10.010060362173046,0.20667295309450376,previous_trading_day_state,10.010060362173046,18.858695652173928,39.6551724137931,44.1186161449753,39.03369357914812,1.3574044523451192,1,1,1,0.0,49.23234390992837,5,10.395085300723336,2.812071330589858,36,23,59,73.0,21.0,0.2191780821917808,6.916498993963782,0,1,0,2.8934368383909836,0.0,0.0,0.0,0.5200593139639486,0.9813264412427398,0,1
4,2026-09-22,2026-09-23,000676,智度股份,7.45,10.044313146233396,0.19883952200365676,previous_trading_day_state,10.044313146233396,10.044313146233396,12.70801815431164,4.195804195804187,10.698365527488862,1.0520918540842612,1,1,0,0.0,12.70801815431164,4,3.071567999593563,5.637583892617449,36,23,59,73.0,21.0,0.2191780821917808,8.419497784342699,0,1,0,1.4986376021798309,0.7380952380952372,4.409672830725464,0.7380952380952372,1.8541854776837379,3.07871967376984,1,1
5,2026-09-22,2026-09-23,605058,澳弘电子,53.27,9.993805492463359,0.1846622218762648,previous_trading_day_state,9.993805492463359,9.24938474159147,32.18362282878413,85.41594152453882,98.17708333333334,2.4066197777463043,1,1,1,0.0,97.66233766233768,4,15.018667144133063,10.45616669795382,36,23,59,73.0,21.0,0.2191780821917808,0.14453850918851874,0,0,1,9.83505154639175,0.14362657091561887,1.6771488469601525,0.14362657091561887,1.8551532051462085,2.7817281916051537,0,1
6,2026-09-22,2026-09-23,605258,协和电子,42.16,9.99217323245498,0.15343903800093306,previous_trading_day_state,9.99217323245498,12.787586944890306,16.948682385575587,38.411030860144436,48.817507942110836,1.5158816358963734,1,1,1,0.0,45.37931034482759,4,7.433344147062923,9.06072106261858,36,23,59,73.0,21.0,0.2191780821917808,1.6436211844508275,0,0,1,8.213552361396292,0.16230366492146558,1.617110067814287,0.16230366492146558,1.7253431142850602,1.29389997135703,0,1
7,2026-09-22,2026-09-23,603221,爱丽家居,33.55,9.999999999999986,0.12656930475570644,previous_trading_day_state,9.999999999999986,7.222754873761583,14.818617385352484,21.95565249000362,24.62852897473995,1.1338557549908557,1,1,1,0.0,28.494829567215607,3,7.007629056255979,8.435171385991055,36,23,59,73.0,21.0,0.2191780821917808,0.721311475409836,0,0,1,9.212239583333325,0.0,0.0,0.0,1.3291920557533952,0.9624064283775774,0,1
8,2026-09-22,2026-09-23,002768,国恩股份,74.86,10.007347538574574,0.1254908486037569,previous_trading_day_state,10.007347538574574,14.780742103649192,21.191516917597532,23.307527590182843,21.664228831464328,1.2639012128635432,1,1,1,0.0,24.414159880339035,5,5.561437305238245,9.15041410633181,36,23,59,73.0,21.0,0.2191780821917808,0.0,0,0,1,10.007347538574574,0.005839416058393004,0.0588148801646593,0.005839416058393004,2.0885890589591827,1.892396744786599,0,1
9,2026-09-22,2026-09-23,002757,南兴股份,19.86,10.027700831024934,0.12386960359956992,previous_trading_day_state,10.027700831024934,13.22690992018245,14.203565267395057,12.521246458923518,23.97003745318351,0.9060659055983509,1,1,1,0.0,26.09523809523808,4,3.7422961795510896,8.308157099697878,36,23,59,73.0,21.0,0.2191780821917808,2.160664819944591,0,0,1,7.700650759219085,0.13939393939393976,1.2630422844590816,0.13939393939393976,2.402172504973249,1.9943544636662454,0,1
10,2026-09-22,2026-09-23,002564,天沃科技,5.45,10.1010101010101,0.12366445888872842,previous_trading_day_state,10.1010101010101,12.836438923395455,10.323886639676116,0.7393715341959428,23.303167420814486,0.7259560048222731,1,0,1,0.0,21.651785714285698,3,3.8337648225234133,8.807339449541292,36,23,59,73.0,21.0,0.2191780821917808,1.0101010101010166,0,0,1,9.000000000000007,0.06250000000000046,0.6036217303823088,0.06250000000000046,2.210996370106511,0.8758537790383192,0,1
11,2026-09-22,2026-09-23,605179,一鸣食品,30.04,9.99633833760527,0.12149828070899099,previous_trading_day_state,9.99633833760527,18.8761377127028,20.16,6.148409893992923,0.33400133600534065,0.9617076755194597,1,1,0,-13.354485145659078,20.16,5,4.786200630529397,12.549933422103859,36,23,59,73.0,21.0,0.2191780821917808,-1.0252654705236064,0,0,1,11.13577506474288,0.20159151193633995,2.8930338789493693,0.20159151193633995,1.9219110986611445,1.1532331054933684,0,1
12,2026-09-22,2026-09-23,002141,贤丰控股,7.43,10.07407407407408,0.11659962631952028,previous_trading_day_state,10.07407407407408,14.132104454685091,12.06636500754148,10.730253353204166,21.207177814029365,1.034893435101614,1,1,1,0.0,24.66442953020134,3,4.223537806472428,8.613728129205917,36,23,59,73.0,21.0,0.2191780821917808,1.0370370370370363,0,0,1,8.944281524926678,0.04687500000000041,0.44182621502208974,0.04687500000000041,1.2693471613051879,1.7457873173372067,0,1
13,2026-09-22,2026-09-23,002672,东江环保,4.03,10.10928961748634,0.1157017053314146,previous_trading_day_state,10.10928961748634,9.809264305177123,12.569832402234638,6.052631578947376,8.042895442359255,1.3536239395176188,1,0,0,0.0,12.885154061624672,4,3.150973970024888,10.918114143920604,36,23,59,73.0,21.0,0.2191780821917808,0.2732240437158362,0,0,1,9.809264305177123,0.18181818181818182,2.2284122562674202,0.18181818181818182,4.1761579673148725,2.4079077945282386,0,1
14,2026-09-22,2026-09-23,603893,瑞芯微,217.8,10.000000000000009,0.11241120215955598,previous_trading_day_state,10.000000000000009,20.192042381767017,22.911963882618515,15.488626120154848,24.414486461784545,1.1022716744524583,1,1,0,0.0,23.62356680667499,5,5.400510978102881,6.3820018365472935,36,23,59,73.0,21.0,0.2191780821917808,2.9797979797979934,0,0,1,6.817067189798931,0.0,0.0,0.0,1.948395145029376,2.1413836236554236,0,1
15,2026-09-22,2026-09-23,605178,时空科技,74.79,10.001470804530088,0.1115478307784586,previous_trading_day_state,10.001470804530088,13.576309794988628,15.953488372093027,10.440047253396356,13.249545729860678,1.0545228438072587,1,1,0,0.0,17.538896746817546,4,3.97039785676017,8.824709185720026,36,23,59,73.0,21.0,0.2191780821917808,1.3678482129725111,0,0,1,8.51712130005804,0.11060606060606107,1.0705382020824272,0.11060606060606107,1.7870309941631057,1.1991764349866125,0,1
16,2026-09-22,2026-09-23,601949,中国出版,6.62,9.966777408637872,0.10989435091165331,previous_trading_day_state,9.966777408637872,8.881578947368428,10.887772194304857,-6.099290780141842,26.819923371647512,1.1341855501592817,1,0,1,-6.099290780141842,28.294573643410857,3,5.386652726978268,9.214501510574022,36,23,59,73.0,21.0,0.2191780821917808,0.16611295681063787,0,0,1,9.784411276948578,0.03278688524590238,0.33277870216306127,0.03278688524590238,1.6946220487451096,1.1591529025718104,0,1
17,2026-09-22,2026-09-23,605218,伟时电子,15.94,10.006901311249127,0.10855580337764112,previous_trading_day_state,10.006901311249127,13.12987934705465,17.292126563649735,7.994579945799463,8.583106267029962,1.2378629063253008,1,1,0,0.0,17.292126563649735,5,4.1007941134003145,4.893350062735253,36,23,59,73.0,21.0,0.2191780821917808,4.62387853692201,0,0,1,5.145118733509224,0.0,0.0,0.0,1.3543912743461466,2.691380855248915,0,1
18,2026-09-22,2026-09-23,002301,齐心集团,9.27,9.964412811387891,0.10851466163083029,previous_trading_day_state,9.964412811387891,20.38961038961038,18.998716302952488,16.603773584905657,18.39080459770115,1.2166060952571165,1,1,1,0.0,20.703125,4,4.840937910058856,9.600862998921238,36,23,59,73.0,21.0,0.2191780821917808,0.23724792408066353,0,0,1,9.704142011834316,0.07865168539325686,0.8353221957040358,0.07865168539325686,3.204038110654109,2.172715600474283,0,1
19,2026-09-22,2026-09-23,600403,大有能源,7.6,9.985528219971052,0.10749344084910167,previous_trading_day_state,9.985528219971052,8.571428571428562,13.60239162929744,11.764705882352944,6.891701828410679,0.81520470782814,1,0,1,-2.313624678663251,16.38591117917303,4,4.899421216311948,10.789473684210519,36,23,59,73.0,21.0,0.2191780821917808,-0.868306801736618,0,0,1,10.948905109489049,0.08536585365853591,1.0324483775811188,0.08536585365853591,1.5414115018016352,0.8502699782839518,0,1
20,2026-09-22,2026-09-23,002912,中新赛克,26.38,10.008340283569627,0.10367510516621449,previous_trading_day_state,10.008340283569627,12.735042735042734,-7.275922671353252,34.52320244773075,37.11018711018712,2.4574177679692646,1,1,1,-7.275922671353252,38.042909471480904,2,9.252711979896366,9.28733889310083,36,23,59,73.0,21.0,0.2191780821917808,-0.208507089241039,0,0,1,10.238194734642715,0.0,0.0,0.0,2.7062944348734796,2.8951894524105,0,1
21,2026-09-22,2026-09-23,002313,日海智能,9.3,10.059171597633142,0.10161852735092247,previous_trading_day_state,10.059171597633142,12.864077669902919,14.956736711990114,6.529209621993126,6.896551724137945,0.8690856343060933,1,1,0,0.0,14.956736711990114,4,3.387369847329806,9.569892473118285,36,23,59,73.0,21.0,0.2191780821917808,0.35502958579882726,0,0,1,9.669811320754729,0.0786516853932587,0.832342449464929,0.0786516853932587,3.2267315294867203,2.1188874163163627,0,1
22,2026-09-22,2026-09-23,600815,厦工股份,4.19,9.973753280839915,0.09832480772433612,previous_trading_day_state,9.973753280839915,15.109890109890124,18.696883852691236,0.23923444976077235,7.435897435897454,0.7622868057231041,1,1,0,-8.315098468271332,19.71428571428573,4,4.661520046087006,10.023866348448696,36,23,59,73.0,21.0,0.2191780821917808,-0.5249343832021025,0,0,1,10.554089709762549,0.047619047619047616,0.5305039787798504,0.047619047619047616,1.5520881410461846,1.0784179572437032,0,1
23,2026-09-22,2026-09-23,001268,联合精密,26.57,10.02070393374741,0.09602081687383678,previous_trading_day_state,10.02070393374741,11.078595317725748,10.386373078520972,3.586744639376227,19.04121863799284,0.7025022508466923,1,1,0,0.0,11.078595317725748,4,2.986969615052569,8.543470079036505,36,23,59,73.0,21.0,0.2191780821917808,1.1594202898550732,0,0,1,8.759721653704467,0.05726872246695992,0.5349794238683092,0.05726872246695992,1.8165054373099159,1.7972228251314015,0,1
24,2026-09-22,2026-09-23,001260,坤泰股份,20.28,9.97830802603037,0.09462423923460407,previous_trading_day_state,9.97830802603037,12.980501392757681,15.621436716077541,7.700477960701035,12.35457063711911,1.0848904414292337,1,1,0,0.0,15.621436716077541,5,3.5481858731144866,9.566074950690341,36,23,59,73.0,21.0,0.2191780821917808,0.6507592190889255,0,0,1,9.267241379310365,0.11340206185566944,1.1995637949836269,0.11340206185566944,3.232402193002661,2.856644327284662,0,1
25,2026-09-22,2026-09-23,605398,新炬网络,23.63,10.009310986964604,0.09449514765255292,previous_trading_day_state,10.009310986964604,16.289370078740163,11.778618732261116,-6.895193065405836,16.346627277203353,0.9851295952790111,1,0,0,-15.576991782779558,16.980198019801975,4,5.498890955717611,9.098603470165038,36,23,59,73.0,21.0,0.2191780821917808,0.09310986964619072,0,0,1,9.906976744186036,0.009302325581395156,0.09310986964619072,0.009302325581395156,2.0545549676108092,1.5427503491326908,0,1
26,2026-09-22,2026-09-23,600479,千金药业,13.57,9.967585089141018,0.0910778945423946,previous_trading_day_state,9.967585089141018,18.205574912891986,19.03508771929825,-8.372721134368666,35.42914171656688,0.7073647768907557,1,0,0,-8.372721134368666,23.13974591651544,4,6.897776798361364,11.127487103905672,36,23,59,73.0,21.0,0.2191780821917808,-1.7017828200972418,0,0,1,11.871393239901074,0.04635761589403993,0.5804311774461057,0.04635761589403993,1.393817332146886,1.141433113037791,0,1
27,2026-09-22,2026-09-23,600418,江淮汽车,21.32,10.010319917440658,0.08972117243049423,previous_trading_day_state,10.010319917440658,10.010319917440658,10.695742471443403,3.7469586374695885,0.47125353440151674,1.2976873599950198,1,1,0,0.0,13.404255319148927,3,3.235323529475722,9.709193245778614,36,23,59,73.0,21.0,0.2191780821917808,0.0,0,0,1,10.010319917440658,0.06280193236714927,0.6753246753246733,0.06280193236714927,2.7690257253603296,2.2493833408966233,0,1
28,2026-09-22,2026-09-23,603903,中持股份,15.27,10.014409221902,0.08891420628426912,previous_trading_day_state,10.014409221902,8.60597439544808,10.093727469358328,5.674740484429064,7.610993657505283,1.0063277219186,1,0,1,0.0,12.362030905077258,3,3.195171278488571,10.216110019646358,36,23,59,73.0,21.0,0.2191780821917808,-0.07204610951009327,0,0,1,10.093727469358328,0.1025641025641016,1.1670313639678964,0.1025641025641016,2.4615612988359294,2.5504916424941735,0,1
29,2026-09-22,2026-09-23,002238,天威视讯,6.96,9.952606635071092,0.0864820764173997,previous_trading_day_state,9.952606635071092,10.828025477707005,11.717495987158898,1.9033674963396807,5.4545454545454675,0.9877086839393804,1,0,0,0.0,11.717495987158898,4,3.104944562664137,9.482758620689658,36,23,59,73.0,21.0,0.2191780821917808,0.3159557661927215,0,0,1,9.606299212598435,0.07575757575757547,0.7936507936507908,0.07575757575757547,2.9681529154046813,1.5887119671238368,0,1
30,2026-09-22,2026-09-23,001266,宏英智能,37.75,9.994172494172492,0.08604253644019423,previous_trading_day_state,9.994172494172492,12.585744109752461,18.822788794460177,14.220877458396375,9.293572669368855,1.3460836050075242,1,1,0,0.0,18.822788794460177,5,4.371221337739546,8.052980132450328,36,23,59,73.0,21.0,0.2191780821917808,1.1363636363636465,0,0,1,8.75828291558629,0.0,0.0,0.0,2.32332055376141,3.7410867999707462,0,1
31,2026-09-22,2026-09-23,603216,梦天家居,22.75,10.009671179883938,0.08479925119475966,previous_trading_day_state,10.009671179883938,13.749999999999996,3.5031847133757843,4.549632352941169,8.747609942638611,0.7511308536988476,1,0,0,-5.601659751037347,13.749999999999996,3,5.685270375208407,8.703296703296704,36,23,59,73.0,21.0,0.2191780821917808,1.015473887814311,0,0,1,8.903781713738624,0.06060606060606109,0.5777563793933682,0.06060606060606109,1.4104555495515312,1.0003851447445287,0,1
32,2026-09-22,2026-09-23,603039,XD泛微网络,39.7,10.002770850651155,0.08402443508855546,previous_trading_day_state,10.002770850651155,11.768018018018012,9.820193637621033,4.473684210526319,-0.9975062344139585,0.8896179828008378,1,1,0,-5.453679447487492,11.768018018018012,3,2.9519261276115714,8.18639798488665,36,23,59,73.0,21.0,0.2191780821917808,1.9673039623164135,0,0,1,7.880434782608714,0.10769230769230595,0.9602194787379892,0.10769230769230595,2.0487033367431784,2.395176863772681,0,1
33,2026-09-22,2026-09-23,603598,引力传媒,18.96,9.976798143851529,0.08080101093762072,previous_trading_day_state,9.976798143851529,10.296684118673639,12.589073634204272,0.37056643726840477,12.322274881516604,0.7804321210864827,1,0,0,0.0,13.126491646778039,3,3.2209462628407888,8.069620253164562,36,23,59,73.0,21.0,0.2191780821917808,1.5081206496519783,0,0,1,8.342857142857142,0.045751633986928254,0.40160642570281624,0.045751633986928254,2.122790162826208,1.844222602214161,0,1
34,2026-09-22,2026-09-23,000595,新能股份,5.85,9.962406015037573,0.07614193495978024,previous_trading_day_state,9.962406015037573,11.641221374045795,8.736059479553893,6.946983546617913,1.2110726643598468,0.8742746659739495,1,0,0,-1.6806722689075682,11.641221374045795,4,2.85955879197627,9.401709401709399,36,23,59,73.0,21.0,0.2191780821917808,0.3759398496240518,0,0,1,9.550561797752799,0.07272727272727282,0.7547169811320753,0.07272727272727282,2.2746042608839767,1.9682253928393303,0,1
35,2026-09-22,2026-09-23,001322,箭牌家居,6.95,9.968354430379755,0.06695018679630341,previous_trading_day_state,9.968354430379755,13.376835236541606,13.008130081300816,5.143721633888054,10.845295055821392,1.2956881510213656,1,0,0,0.0,13.934426229508201,4,3.560097220708943,9.496402877697843,36,23,59,73.0,21.0,0.2191780821917808,0.0,0,0,1,9.968354430379755,0.045454545454545824,0.4769475357710773,0.045454545454545824,3.0236184391637813,3.836097227439261,0,1
36,2026-09-22,2026-09-23,002467,二六三,5.09,9.935205183585305,0.06294405098563571,previous_trading_day_state,9.935205183585305,11.622807017543856,10.412147505422986,5.3830227743271175,12.362030905077258,1.2205496481030784,1,0,0,0.0,11.86813186813187,2,2.9548682225396186,8.840864440078589,36,23,59,73.0,21.0,0.2191780821917808,0.4319654427645814,0,0,1,9.462365591397838,0.022222222222223715,0.21551724137931494,0.022222222222223715,3.2515518821047107,3.063788701289486,0,1
