window,prediction_date,rank,code,name,v1_score,v2_score,v2_prob,is_2board
dev,2026-06-02,1,002426,胜利精密,0.3484447608790881,1.0,0.463813040248363,0
dev,2026-06-02,2,603773,沃格光电,0.24470285260859076,0.9846938775510203,0.37559330643754124,0
dev,2026-06-02,3,600367,红星发展,0.23975139253742095,0.9642857142857142,0.3001902834122748,1
dev,2026-06-02,4,003004,声迅股份,0.232038903502804,0.9540816326530612,0.29759976123308907,0
dev,2026-06-02,5,002579,中京电子,0.21077693931848146,0.9540816326530612,0.33077342162618084,1
dev,2026-06-02,6,603045,福达合金,0.1865474690846479,0.9387755102040816,0.3461950820624457,1
dev,2026-06-03,1,600162,香江控股,0.21815187348115875,1.0,0.359521541483,0
dev,2026-06-03,2,603311,金海高科,0.2163846466610589,0.9431818181818181,0.2835563709515969,1
dev,2026-06-03,3,002975,博杰股份,0.16595472197000213,0.8977272727272727,0.30257179534677653,0
dev,2026-06-03,4,000601,韶能股份,0.19151521185501455,0.8977272727272727,0.2695403428711609,0
dev,2026-06-03,5,600869,远东股份,0.17075151910472144,0.8863636363636364,0.28868599104191855,0
dev,2026-06-03,6,002957,科瑞技术,0.185316200757973,0.875,0.26533805188760534,0
dev,2026-06-04,1,600688,上海石化,0.41266593723635436,1.0,0.47676814147471364,1
dev,2026-06-04,2,001259,利仁科技,0.23269077324460694,0.98,0.36744744246547006,0
dev,2026-06-04,3,600396,华电辽能,0.19013824111140407,0.96,0.2954462346476117,0
dev,2026-06-04,4,603938,三孚股份,0.17930641897580923,0.9299999999999999,0.28872478060324375,0
dev,2026-06-04,5,600578,京能电力,0.16933601022489714,0.87,0.25639940078975076,0
dev,2026-06-04,6,001896,豫能控股,0.16451408699297934,0.86,0.2609133112773099,1
dev,2026-06-05,1,603500,祥和实业,0.45850857427915703,1.0,0.38102473919546953,1
dev,2026-06-05,2,002484,江海股份,0.24830434694791545,0.9814814814814815,0.3292132479486471,0
dev,2026-06-05,3,003036,泰坦股份,0.2036700587754648,0.9629629629629629,0.2856787935594084,1
dev,2026-06-05,4,002806,华锋股份,0.2032913145435324,0.9444444444444444,0.280702933089915,0
dev,2026-06-05,5,000725,京东方Ａ,0.17093832850959312,0.9074074074074074,0.25605741602624166,0
dev,2026-06-05,6,002951,金时科技,0.17597234597856443,0.9074074074074074,0.2551475654457466,0
dev,2026-06-08,1,603888,新华网,0.39650740364814213,1.0,0.45604591972501485,0
dev,2026-06-08,2,002354,天娱数科,0.3474739277561549,0.9824561403508771,0.3343597885896069,1
dev,2026-06-08,3,002421,达实智能,0.19597669001570264,0.956140350877193,0.30606211259822985,1
dev,2026-06-08,4,002138,顺络电子,0.2132631168342308,0.8947368421052632,0.24329916257571851,0
dev,2026-06-08,5,603078,江化微,0.19032229976496573,0.894736842105263,0.25352964789026,0
dev,2026-06-08,6,603124,江南新材,0.19494054128302735,0.8859649122807017,0.24524970679261388,0
dev,2026-06-09,1,603616,韩建河山,0.3600254124134414,1.0,0.45783662171923806,1
dev,2026-06-09,2,000970,中科三环,0.28604818779761637,0.9516129032258065,0.3129610921614573,0
dev,2026-06-09,3,603778,国晟科技,0.3294289951922333,0.9516129032258065,0.30755459902678045,0
dev,2026-06-09,4,600280,中央商场,0.15982519596725922,0.8870967741935484,0.28434757666880983,0
dev,2026-06-09,5,002636,金安国纪,0.16507483417578614,0.8870967741935484,0.2720670297216225,1
dev,2026-06-09,6,002747,埃斯顿,0.14201836811690624,0.8387096774193549,0.26610931050548803,1
dev,2026-06-10,1,603065,宿迁联盛,0.6281128499373835,1.0,0.6343241308059797,1
dev,2026-06-10,2,605589,圣泉集团,0.4870176042161461,0.9900990099009901,0.5640427676991127,1
dev,2026-06-10,3,002669,康达新材,0.47819390199188216,0.9801980198019802,0.5475699208375946,1
dev,2026-06-10,4,603211,晋拓科技股份,0.3684905068297196,0.9653465346534653,0.3568876009768772,0
dev,2026-06-10,5,601208,东材科技,0.30546360435728126,0.9554455445544554,0.3538961790485348,0
dev,2026-06-10,6,003036,泰坦股份,0.233524224020744,0.9455445544554455,0.3736452416875068,0
dev,2026-06-11,1,002757,南兴股份,0.3563723150245833,1.0,0.4624272776955431,0
dev,2026-06-11,2,603823,百合花,0.2102312558554523,0.9680851063829787,0.3155144420357123,1
dev,2026-06-11,3,600378,昊华科技,0.21941844632358806,0.9680851063829787,0.2997105044762589,1
dev,2026-06-11,4,603011,合锻智能,0.15633751519293648,0.9148936170212766,0.26445157362614763,0
dev,2026-06-11,5,002119,康强电子,0.16537146991425963,0.9042553191489362,0.23835935452269436,1
dev,2026-06-11,6,603938,三孚股份,0.14779876514668053,0.8936170212765957,0.2722653724954649,0
dev,2026-06-12,1,600141,兴发集团,0.37439189100636877,0.9886363636363636,0.4651323383535132,0
dev,2026-06-12,2,002203,海亮股份,0.35532833702473265,0.9886363636363636,0.4952459451632098,1
dev,2026-06-12,3,000631,顺发恒能,0.2914318552930568,0.9545454545454546,0.4131931582321384,0
dev,2026-06-12,4,002254,泰和新材,0.18661619680571376,0.9318181818181818,0.3111959774147452,0
dev,2026-06-12,5,001696,宗申动力,0.15854842132426875,0.8863636363636364,0.2786740891981792,0
dev,2026-06-12,6,603678,火炬电子,0.16029023296780687,0.875,0.24869562479802002,0
dev,2026-06-15,1,603335,迪生力,0.504799005302729,0.9935897435897436,0.5591218638673563,1
dev,2026-06-15,2,603065,宿迁联盛,0.5648391378676211,0.9935897435897436,0.542518960188052,0
dev,2026-06-15,3,000768,中航西飞,0.3691640688751551,0.9743589743589743,0.45535351279485603,0
dev,2026-06-15,4,600162,香江控股,0.21311114175140147,0.9551282051282051,0.31848416452365563,0
dev,2026-06-15,5,002552,宝鼎科技,0.18505109353630855,0.9551282051282051,0.35811149524832725,1
dev,2026-06-15,6,600869,远东股份,0.1663638718868831,0.9230769230769231,0.2982658403919634,0
dev,2026-06-16,1,601975,招商南油,0.5094416176390468,1.0,0.5362812857749917,0
dev,2026-06-16,2,601872,招商轮船,0.509164502983165,0.9914529914529915,0.5255744422535964,0
dev,2026-06-16,3,600026,中远海能,0.48348757958103644,0.9829059829059829,0.503036041028921,0
dev,2026-06-16,4,603186,华正新材,0.29597933119382647,0.9700854700854701,0.36121310387107836,1
dev,2026-06-16,5,000636,风华高科,0.2666915206687378,0.9658119658119658,0.39963906541943145,0
dev,2026-06-16,6,600183,生益科技,0.280027231864045,0.9529914529914529,0.3395643753366026,0
dev,2026-06-17,1,600500,中化国际,0.5510253941688251,1.0,0.5640908836389229,0
dev,2026-06-17,2,002160,常铝股份,0.36805333977011917,0.98,0.48352491733524533,0
dev,2026-06-17,3,002735,王子新材,0.5012316220127452,0.9733333333333334,0.42463660430648026,0
dev,2026-06-17,4,002449,国星光电,0.30622991971333985,0.9666666666666667,0.42886673835422195,0
dev,2026-06-17,5,000048,京基智农,0.19605208611236571,0.94,0.28530192611983257,0
dev,2026-06-17,6,603663,三祥新材,0.1945557484987595,0.9266666666666667,0.27079074635517913,0
dev,2026-06-18,1,000811,冰轮环境,0.3742665322609585,1.0,0.5313757950671936,1
dev,2026-06-18,2,600176,中国巨石,0.16276871147283264,0.946808510638298,0.264470466299183,0
dev,2026-06-18,3,603458,勘设股份,0.14653368207346887,0.9148936170212766,0.278836474006648,0
dev,2026-06-18,4,603139,康惠股份,0.15732504391594654,0.9042553191489362,0.24702513046455254,0
dev,2026-06-18,5,600378,昊华科技,0.16770233133824644,0.9042553191489362,0.24224453284484346,0
dev,2026-06-18,6,603976,正川股份,0.1528908234085726,0.8404255319148937,0.24114107161460882,0
dev,2026-06-22,1,002167,东方锆业,0.5485457091912973,1.0,0.5691274337796478,1
dev,2026-06-22,2,600769,祥龙电业,0.47314958610063185,0.9841269841269841,0.5300011606326712,1
dev,2026-06-22,3,600162,香江控股,0.3571985516053289,0.9682539682539683,0.37861361614495365,1
dev,2026-06-22,4,000889,中嘉博创,0.35433319797127355,0.9523809523809523,0.32857528883460146,0
dev,2026-06-22,5,603663,三祥新材,0.20395031705884775,0.9126984126984127,0.316738699260915,1
dev,2026-06-22,6,603011,合锻智能,0.21055160702647835,0.9126984126984127,0.3025976893157761,0
dev,2026-06-23,1,000751,锌业股份,0.4477127653464154,1.0,0.5017631796523168,0
dev,2026-06-23,2,600172,黄河旋风,0.35565299039982734,0.9852941176470589,0.3864571812546935,1
dev,2026-06-23,3,600961,株冶集团,0.37541175067931315,0.9852941176470589,0.3534155908682757,0
dev,2026-06-23,4,603065,宿迁联盛,0.25722860960064176,0.9607843137254902,0.32384843365726357,0
dev,2026-06-23,5,000571,新大洲A,0.2668713538032351,0.9607843137254901,0.3076295016589187,1
dev,2026-06-23,6,600367,红星发展,0.21576803448942738,0.9509803921568627,0.33726650150593723,0
dev,2026-06-24,1,002648,卫星化学,0.3832963612257971,1.0,0.4692858860791184,0
dev,2026-06-24,2,002141,贤丰控股,0.26155118046461884,0.9850746268656716,0.3412199078576332,0
dev,2026-06-24,3,600707,彩虹股份,0.18761011883822626,0.9477611940298507,0.26770527220847595,0
dev,2026-06-24,4,600777,新潮能源,0.2277637693056612,0.9477611940298507,0.26296458124821404,0
dev,2026-06-24,5,000691,亚太实业,0.17955446257771165,0.9402985074626866,0.2695138112240779,0
dev,2026-06-24,6,002631,德尔未来,0.16633490347630986,0.9253731343283582,0.2697294087026257,1
dev,2026-06-25,1,603317,天味食品,0.3148600495807929,0.98,0.30369612445791533,0
dev,2026-06-25,2,002254,泰和新材,0.21462280131065736,0.9733333333333334,0.3043850168728862,1
dev,2026-06-25,3,002552,宝鼎科技,0.2017837815468124,0.9666666666666667,0.33331877342507626,0
dev,2026-06-25,4,002491,通鼎互联,0.2227004207434871,0.96,0.2997679988986728,0
dev,2026-06-25,5,603986,兆易创新,0.1969617247192475,0.9266666666666666,0.3014914203185954,1
dev,2026-06-25,6,600667,太极实业,0.19119831895745296,0.8866666666666667,0.2912592703056889,1
dev,2026-06-26,1,002965,祥鑫科技,0.5650115708444818,0.9921875,0.3990179077897702,1
dev,2026-06-26,2,002068,黑猫股份,0.5565466612468671,0.9921875,0.5028193979013744,0
dev,2026-06-26,3,603065,宿迁联盛,0.265047388926574,0.96875,0.33857024216752785,0
dev,2026-06-26,4,600888,新疆众和,0.21904052493190418,0.9453125,0.29955199724067993,0
dev,2026-06-26,5,600522,中天科技,0.20815110699358166,0.90625,0.2735609972605018,0
dev,2026-06-26,6,605589,圣泉集团,0.18454803185008278,0.90625,0.27519041825355123,0
dev,2026-06-29,1,002568,百润股份,0.40066738432911353,1.0,0.33981632958170976,1
dev,2026-06-29,2,603861,白云电器,0.2597869682007994,0.9512195121951219,0.27980065677764965,0
dev,2026-06-29,3,600367,红星发展,0.18279639103221856,0.9390243902439024,0.303437597590563,0
dev,2026-06-29,4,002354,天娱数科,0.18154452050994804,0.9146341463414633,0.2812239077459672,0
dev,2026-06-29,5,603650,彤程新材,0.20337083617419724,0.9024390243902439,0.2613937235187646,1
dev,2026-06-29,6,603261,立航科技,0.23079522674383046,0.8902439024390243,0.25697815635913607,0
dev,2026-06-30,1,002407,多氟多,0.49364187810360843,1.0,0.5528597976882491,1
dev,2026-06-30,2,002549,凯美特气,0.4315071218159878,0.9871794871794872,0.37833338637071423,0
dev,2026-06-30,3,605300,佳禾食品,0.28044692997886167,0.967948717948718,0.3326537494667333,0
dev,2026-06-30,4,002693,双成药业,0.391227203889761,0.967948717948718,0.32150088722012554,0
dev,2026-06-30,5,601636,旗滨集团,0.27778793132574775,0.9487179487179487,0.31668647073119033,0
dev,2026-06-30,6,002409,雅克科技,0.2401591065658639,0.9230769230769231,0.2890054854296437,0
dev,2026-07-01,1,002273,水晶光电,0.4329898695313284,1.0,0.44874113208155236,1
dev,2026-07-01,2,000603,盛达资源,0.3671591933605248,0.9893617021276596,0.4296022314480202,1
dev,2026-07-01,3,002119,康强电子,0.223660925589053,0.9627659574468086,0.31709043097297324,0
dev,2026-07-01,4,600783,鲁信创投,0.2624052094078036,0.9627659574468085,0.3049785156109152,1
dev,2026-07-01,5,002167,东方锆业,0.25304719157898775,0.9308510638297872,0.27811799049207575,1
dev,2026-07-01,6,000811,冰轮环境,0.20349052459235722,0.925531914893617,0.28533264598064384,0
dev,2026-07-02,1,002635,安洁科技,0.5772408661419579,1.0,0.6012452046189288,0
dev,2026-07-02,2,002559,亚威股份,0.5747290671937233,0.990990990990991,0.5831838631956389,1
dev,2026-07-02,3,603738,泰晶科技,0.517968957778379,0.9819819819819819,0.5704416101303039,0
dev,2026-07-02,4,600509,天富能源,0.4269968267687931,0.9684684684684686,0.5030239941094137,0
dev,2026-07-02,5,000733,振华科技,0.4611997355607123,0.9594594594594594,0.41332019099315864,0
dev,2026-07-02,6,000601,韶能股份,0.4066687297166704,0.9594594594594594,0.4728869171068715,1
dev,2026-07-03,1,000656,金科股份,0.5209663816628846,1.0,0.5585342976674339,1
dev,2026-07-03,2,002979,雷赛智能,0.4994661099648869,0.9848484848484849,0.5552746956993687,1
dev,2026-07-03,3,002020,京新药业,0.47459044536161404,0.9696969696969697,0.5275733881735156,0
dev,2026-07-03,4,000595,新能股份,0.4362281050224329,0.9545454545454546,0.4999760858921666,1
dev,2026-07-03,5,002998,优彩资源,0.29587552620613244,0.9318181818181819,0.32410368700585573,0
dev,2026-07-03,6,002354,天娱数科,0.26661049005781157,0.9242424242424243,0.3424401769542881,0
dev,2026-07-06,1,002396,星网锐捷,0.5108840566727741,1.0,0.5598188234871656,1
dev,2026-07-06,2,600376,首开股份,0.4980586940235589,0.9868421052631579,0.5271239200030081,0
dev,2026-07-06,3,002148,北纬科技,0.40252322390335715,0.9736842105263158,0.46930043475071087,0
dev,2026-07-06,4,002292,奥飞娱乐,0.2584919263008799,0.9407894736842105,0.29206365977644966,0
dev,2026-07-06,5,002067,景兴纸业,0.31902125561080785,0.9407894736842105,0.28933535434783814,0
dev,2026-07-06,6,002635,安洁科技,0.18001704465310056,0.9407894736842105,0.30602177615641607,0
dev,2026-07-07,1,002607,中公教育,0.4730711112843898,1.0,0.5011616388650466,0
dev,2026-07-07,2,002828,贝肯能源,0.39580517829218803,0.9711538461538461,0.3207595154370178,0
dev,2026-07-07,3,002042,华孚时尚,0.30346981821103447,0.9423076923076923,0.2779963502514214,0
dev,2026-07-07,4,603823,百合花,0.23228302511194532,0.9423076923076923,0.36396599907028226,1
dev,2026-07-07,5,000593,德龙汇能,0.23887287818137948,0.9038461538461539,0.2764476718758148,0
dev,2026-07-07,6,002025,航天电器,0.248544992812235,0.8942307692307692,0.26265084348377593,0
dev,2026-07-08,1,002841,视源股份,0.5290825435053299,1.0,0.5739819459652497,1
dev,2026-07-08,2,002497,雅化集团,0.499191775450569,0.9545454545454546,0.5125283776082953,0
dev,2026-07-08,3,601121,宝地矿业,0.47172893278994804,0.9090909090909091,0.49945701624422606,0
dev,2026-07-08,4,600120,浙江东方,0.4066335591225984,0.8636363636363636,0.4463158791127857,0
dev,2026-07-08,5,603065,宿迁联盛,0.17150283822706447,0.7727272727272727,0.2843930196637855,0
dev,2026-07-08,6,600206,有研新材,0.1729495154522156,0.75,0.2749703504938038,0
dev,2026-07-09,1,000977,浪潮信息,0.46932883265250375,1.0,0.5199175829604673,1
dev,2026-07-09,2,001208,华菱线缆,0.3804614584116877,0.9696969696969697,0.4608928648075322,0
dev,2026-07-09,3,000524,岭南控股,0.3598393671525136,0.9393939393939394,0.44154785337918406,0
dev,2026-07-09,4,002546,新联电子,0.2639974707302504,0.8939393939393939,0.2837701344824003,0
dev,2026-07-09,5,002674,兴业科技,0.2270605848621078,0.8787878787878788,0.3370480991702577,0
dev,2026-07-09,6,002396,星网锐捷,0.22743508799244752,0.8636363636363636,0.2805765782312451,0
strict_oos,2026-07-10,1,001395,亚联机械,0.4410568887355296,0.9910714285714286,0.46149479638536506,1
strict_oos,2026-07-10,2,002414,高德红外,0.41890986817935133,0.9910714285714286,0.49735164819340394,1
strict_oos,2026-07-10,3,002632,道明光学,0.3678831510045643,0.9553571428571428,0.4397652130159808,0
strict_oos,2026-07-10,4,603329,上海雅仕,0.37397527061212155,0.9553571428571428,0.4379996204792809,0
strict_oos,2026-07-10,5,002208,合肥城建,0.31612451032760075,0.9017857142857143,0.31453191924879886,0
strict_oos,2026-07-10,6,600353,旭光电子,0.18656468096716602,0.8928571428571428,0.33910459761190664,0
strict_oos,2026-07-13,1,002121,科陆电子,0.40251784735863444,0.9932432432432432,0.4542802388605064,0
strict_oos,2026-07-13,2,600664,哈药股份,0.4515098644657822,0.9864864864864865,0.37392038672905886,1
strict_oos,2026-07-13,3,002115,三维通信,0.3920258354147466,0.9797297297297298,0.45262693483878863,0
strict_oos,2026-07-13,4,600428,中远海特,0.3149403417797981,0.9594594594594594,0.3038598076710825,0
strict_oos,2026-07-13,5,002479,富春环保,0.2867175907788484,0.9459459459459459,0.2777538769494491,0
strict_oos,2026-07-13,6,002606,大连电瓷,0.22598451511068837,0.9189189189189189,0.26963694459814297,0
strict_oos,2026-07-14,1,603318,水发燃气,0.3853981328542308,1.0,0.4699812786487064,0
strict_oos,2026-07-14,2,603137,恒尚节能,0.23341768601145027,0.8823529411764706,0.31295712002870574,1
strict_oos,2026-07-14,3,601002,晋亿实业,0.2644729947982093,0.8823529411764706,0.27348142884300225,0
strict_oos,2026-07-14,4,603065,宿迁联盛,0.17704739285589197,0.8529411764705882,0.3283576292713982,1
strict_oos,2026-07-14,5,603313,梦百合,0.20313722251114005,0.7941176470588235,0.2628174723054996,0
strict_oos,2026-07-14,6,603669,灵康药业,0.1734500298180862,0.7058823529411765,0.2612837738096799,0
strict_oos,2026-07-15,1,603580,艾艾精工,0.6345802991885121,1.0,0.690684110644916,1
strict_oos,2026-07-15,2,000008,神州高铁,0.4583841280884002,0.9850746268656716,0.49746955138301496,0
strict_oos,2026-07-15,3,002243,力合科创,0.3409470057323301,0.9701492537313433,0.44245158522628036,0
strict_oos,2026-07-15,4,600746,江苏索普,0.2852428663573012,0.9477611940298507,0.2802035389957984,1
strict_oos,2026-07-15,5,603989,艾华集团,0.15206678382382552,0.9029850746268657,0.28294052792349017,0
strict_oos,2026-07-15,6,000759,中百集团,0.18021646295621266,0.8880597014925373,0.2572394838319088,0
strict_oos,2026-07-16,1,603127,昭衍新药,0.5160868217990394,1.0,0.4383935825215993,0
strict_oos,2026-07-16,2,000889,中嘉博创,0.3995790717533101,0.9803921568627451,0.3455617451296488,0
strict_oos,2026-07-16,3,002309,中利集团,0.29043588640197093,0.9509803921568627,0.2757570049603947,0
strict_oos,2026-07-16,4,002980,华盛昌,0.24106666505794408,0.9411764705882353,0.29406866858935166,0
strict_oos,2026-07-16,5,002382,蓝帆医疗,0.25249480675033714,0.9117647058823529,0.2631399099189635,0
strict_oos,2026-07-16,6,002303,美盈森,0.18403852770636966,0.9019607843137255,0.2661900654354249,0
strict_oos,2026-07-17,1,002632,道明光学,0.4116910783833426,1.0,0.49108571510386895,1
strict_oos,2026-07-17,2,603327,福蓉科技,0.21220097649317127,0.9259259259259258,0.25239656142954564,0
strict_oos,2026-07-17,3,000920,沃顿科技,0.14632553351768685,0.8888888888888888,0.25452445296408793,0
strict_oos,2026-07-17,4,002350,北京科锐,0.134339286184433,0.8703703703703703,0.2625701199793282,0
strict_oos,2026-07-17,5,002829,星网宇达,0.14699734036620205,0.8518518518518519,0.2362604925356223,1
strict_oos,2026-07-17,6,600436,片仔癀,0.15816131949153647,0.8518518518518519,0.2323908040326374,0
strict_oos,2026-07-20,1,003001,中岩大地,0.5853870202544198,1.0,0.575811625311259,0
strict_oos,2026-07-20,2,002432,九安医疗,0.3072543425660563,0.9285714285714286,0.3371273810308487,0
strict_oos,2026-07-20,3,002766,索菱股份,0.33274403671686986,0.9285714285714286,0.3055148752927724,0
strict_oos,2026-07-20,4,600881,亚泰集团,0.17713268964308562,0.8571428571428571,0.26145804107021486,0
strict_oos,2026-07-20,5,600992,贵绳股份,0.1501400316015882,0.7619047619047619,0.23674112941681447,0
strict_oos,2026-07-20,6,600227,赤天化,0.14326212154824686,0.7619047619047619,0.260752868592366,1
strict_oos,2026-07-21,1,000815,美利云,0.276608777957793,1.0,0.41776787124441317,1
strict_oos,2026-07-21,2,603533,掌阅科技,0.25949692877127206,0.9761904761904762,0.3208362537745232,0
strict_oos,2026-07-21,3,603823,百合花,0.15316024075901302,0.9404761904761905,0.2978084164298366,0
strict_oos,2026-07-21,4,002866,传艺科技,0.1869299831696004,0.9404761904761905,0.2542231410866624,0
strict_oos,2026-07-21,5,002490,山东墨龙,0.13604377792619662,0.9047619047619048,0.24752003655990093,0
strict_oos,2026-07-21,6,000596,古井贡酒,0.11676512891441797,0.8333333333333333,0.21653817242088663,0
strict_oos,2026-07-22,1,603221,爱丽家居,0.4816952887126143,1.0,0.5430703210800215,1
strict_oos,2026-07-22,2,002879,长缆科技,0.45175733442244514,0.9871794871794872,0.3682135145565042,1
strict_oos,2026-07-22,3,002167,东方锆业,0.35218866258666115,0.9743589743589743,0.3666453154615815,0
strict_oos,2026-07-22,4,002156,通富微电,0.34387017696701705,0.9487179487179487,0.3030480245547444,0
strict_oos,2026-07-22,5,603256,宏和科技,0.32397963029271065,0.9102564102564104,0.2959113548642675,0
strict_oos,2026-07-22,6,603678,火炬电子,0.3081429911375448,0.8782051282051282,0.29213019714049404,0
strict_oos,2026-07-23,1,002575,群兴玩具,0.35494552674668484,1.0,0.45148686872309346,0
strict_oos,2026-07-23,2,605028,世茂能源,0.16185462669261177,0.9166666666666667,0.2416895442507492,0
strict_oos,2026-07-23,3,002900,哈三联,0.1747626894535917,0.9,0.23911561217295121,1
strict_oos,2026-07-23,4,603725,天安新材,0.13283897551438656,0.8833333333333333,0.2471456514695354,0
strict_oos,2026-07-23,5,603893,瑞芯微,0.13270236296823962,0.8500000000000001,0.24273920063953025,0
strict_oos,2026-07-23,6,600644,乐山电力,0.12853797355010646,0.7833333333333333,0.2399532362514164,0
strict_oos,2026-07-24,1,002353,杰瑞股份,0.3797950655280612,1.0,0.4853220872220663,0
strict_oos,2026-07-24,2,002199,东晶电子,0.3471617793022122,0.9888888888888889,0.47783545105105235,1
strict_oos,2026-07-24,3,605299,舒华体育,0.21562814027543026,0.9722222222222222,0.2582125280772724,0
strict_oos,2026-07-24,4,601678,滨化股份,0.1631881624600569,0.9722222222222222,0.2619259121975371,0
strict_oos,2026-07-24,5,600219,南山铝业,0.15196226772358276,0.9333333333333333,0.2253813765875439,0
strict_oos,2026-07-24,6,003001,中岩大地,0.14632289158973086,0.9222222222222223,0.24544652976043368,1
strict_oos,2026-07-27,1,002303,美盈森,0.1391910609351708,0.9473684210526315,0.23602771156099153,0
strict_oos,2026-07-27,2,603580,艾艾精工,0.11493846125268695,0.9210526315789473,0.2599561528152695,0
strict_oos,2026-07-27,3,600617,国新能源,0.15395826528147452,0.9210526315789473,0.23091114140864819,1
strict_oos,2026-07-27,4,002388,新亚制程,0.13297929490968172,0.8421052631578947,0.22044598067226903,1
strict_oos,2026-07-27,5,001229,魅视科技,0.1034155258862899,0.7894736842105263,0.2349064532690523,0
strict_oos,2026-07-27,6,002265,建设工业,0.1030389679130107,0.631578947368421,0.21658542599921593,0
strict_oos,2026-07-28,1,002141,贤丰控股,0.24480050612739185,0.9891304347826086,0.2979296797992716,0
strict_oos,2026-07-28,2,001258,立新能源,0.2752511533857867,0.9891304347826086,0.29166453670236137,0
strict_oos,2026-07-28,3,002580,圣阳股份,0.2889063309488019,0.9891304347826086,0.27946265890407185,0
strict_oos,2026-07-28,4,000676,智度股份,0.23807534617286613,0.9565217391304348,0.2583834924968399,0
strict_oos,2026-07-28,5,600667,太极实业,0.19659785377144653,0.9565217391304348,0.2584821406938593,0
strict_oos,2026-07-28,6,002353,杰瑞股份,0.17490075863311666,0.9130434782608696,0.2569685252210099,0
strict_oos,2026-07-29,1,600895,张江高科,0.36809574874440765,1.0,0.45521470704516026,0
strict_oos,2026-07-29,2,002338,奥普光电,0.36029068879803144,0.95,0.43669801060483904,0
strict_oos,2026-07-29,3,600619,海立股份,0.3554432896591208,0.95,0.43920089243793353,0
strict_oos,2026-07-29,4,002889,东方嘉盛,0.3658939089444879,0.925,0.33210642693931536,0
strict_oos,2026-07-29,5,603297,永新光学,0.3339162728334792,0.9125000000000001,0.42929686210338697,0
strict_oos,2026-07-29,6,603580,艾艾精工,0.21836411856976667,0.875,0.3439033873838273,1
strict_oos,2026-07-30,1,002827,高争民爆,0.49713444779477944,1.0,0.5227431406263758,1
strict_oos,2026-07-30,2,603163,XD圣晖系统集成集团,0.3835552692483112,0.9833333333333333,0.4848471636552662,0
strict_oos,2026-07-30,3,002298,中电鑫龙,0.19659026722886436,0.9416666666666667,0.2584234795373891,0
strict_oos,2026-07-30,4,002083,孚日股份,0.18558534044658917,0.9416666666666667,0.28171214693409596,0
strict_oos,2026-07-30,5,600227,赤天化,0.18464898588909537,0.8916666666666666,0.24407285946212262,0
strict_oos,2026-07-30,6,003001,中岩大地,0.1726447815032115,0.8916666666666666,0.25810699419736627,0
strict_oos,2026-07-31,1,000820,神雾节能,0.4323001234266686,1.0,0.464831683869692,1
strict_oos,2026-07-31,2,002258,利尔化学,0.4001343861804964,0.9722222222222222,0.3384389039704495,0
strict_oos,2026-07-31,3,603137,恒尚节能,0.19984132991315226,0.9444444444444444,0.32200962947839934,0
strict_oos,2026-07-31,4,601616,广电电气,0.1611854554035642,0.9027777777777777,0.22766263921551239,0
strict_oos,2026-07-31,5,000721,西安饮食,0.1459005035243969,0.8611111111111112,0.22664372060523935,0
strict_oos,2026-07-31,6,000526,学大教育,0.15669705380626503,0.8333333333333333,0.21705525425019226,0
strict_oos,2026-08-03,1,000593,德龙汇能,0.4116666421015337,1.0,0.5136763234616903,1
strict_oos,2026-08-03,2,603115,海星股份,0.38871104056435574,0.9807692307692308,0.37343184827706094,0
strict_oos,2026-08-03,3,600667,太极实业,0.3813766070349747,0.9743589743589745,0.39360836146502653,0
strict_oos,2026-08-03,4,605289,罗曼股份,0.3849283669409293,0.967948717948718,0.36991988788771557,0
strict_oos,2026-08-03,5,002552,宝鼎科技,0.3793068778575604,0.9487179487179487,0.36166682289063884,0
strict_oos,2026-08-03,6,002851,麦格米特,0.3472065453720073,0.9358974358974359,0.35218723505570915,0
strict_oos,2026-08-04,1,605167,利柏特,0.3674841529958065,1.0,0.3324534505286602,1
strict_oos,2026-08-04,2,002438,江苏神通,0.3214886761737882,0.9807692307692307,0.2839143122813672,0
strict_oos,2026-08-04,3,000533,顺钠股份,0.24927749184925993,0.9615384615384616,0.25456261092589044,1
strict_oos,2026-08-04,4,600396,华电辽能,0.17604951006867536,0.9230769230769231,0.22893323939982624,0
strict_oos,2026-08-04,5,002879,长缆科技,0.17426154143808537,0.9230769230769231,0.22912876676215738,0
strict_oos,2026-08-04,6,002421,达实智能,0.14959461092839738,0.8557692307692307,0.21449148838762788,1
strict_oos,2026-08-05,1,600721,百花医药,0.41115325642072614,1.0,0.4729508371065169,1
strict_oos,2026-08-05,2,002348,高乐股份,0.38337005164878357,0.9901960784313726,0.4456715017401675,1
strict_oos,2026-08-05,3,002199,东晶电子,0.23721984253428932,0.9754901960784313,0.2669671086506495,0
strict_oos,2026-08-05,4,603580,艾艾精工,0.20242464060653848,0.9705882352941176,0.3091331478358124,0
strict_oos,2026-08-05,5,600228,返利科技,0.19506813523141306,0.9509803921568627,0.263678172745145,0
strict_oos,2026-08-05,6,002425,凯撒文化,0.2148907622020522,0.9509803921568627,0.24997202572950325,1
strict_oos,2026-08-06,1,002703,浙江世宝,0.46770787877642206,1.0,0.503942017367536,0
strict_oos,2026-08-06,2,002766,索菱股份,0.43064151420385777,0.9761904761904762,0.48670087026966985,0
strict_oos,2026-08-06,3,600611,大众交通,0.45613115706944957,0.9682539682539681,0.4091512109855422,0
strict_oos,2026-08-06,4,002214,大立科技,0.3732020104207808,0.9603174603174602,0.46086932880490455,1
strict_oos,2026-08-06,5,002355,兴民智通,0.13699804754265144,0.9126984126984127,0.21427429147528188,0
strict_oos,2026-08-06,6,000603,盛达资源,0.13358728199134284,0.8888888888888888,0.21094937924196186,0
strict_oos,2026-08-07,1,002180,奔图科技,0.4917521508555045,0.99,0.5466163059907252,0
strict_oos,2026-08-07,2,002827,高争民爆,0.6058758790738583,0.99,0.498395424058747,1
strict_oos,2026-08-07,3,002376,新北洋,0.33081595676152425,0.96,0.3145278454634639,0
strict_oos,2026-08-07,4,002792,通宇通讯,0.19236427569398945,0.9299999999999999,0.24989913843645326,1
strict_oos,2026-08-07,5,603039,XD泛微网络,0.18102162140671474,0.9,0.24857620969606212,0
strict_oos,2026-08-07,6,000692,惠天热电,0.18774601184763093,0.88,0.23204186433397483,0
strict_oos,2026-08-10,1,600664,哈药股份,0.23510683232281204,1.0,0.34290189220201284,1
strict_oos,2026-08-10,2,000603,盛达资源,0.20431911200015912,0.9456521739130435,0.24877293094784744,0
strict_oos,2026-08-10,3,002742,冀衡医药,0.18161626284124677,0.9130434782608696,0.24194182578964282,0
strict_oos,2026-08-10,4,002900,哈三联,0.15566779233411634,0.8586956521739131,0.2566116194056818,1
strict_oos,2026-08-10,5,002037,保利联合,0.17666682293901229,0.8586956521739131,0.23584692786615222,0
strict_oos,2026-08-10,6,600744,华银电力,0.17523374253097107,0.8369565217391304,0.23280127396179828,0
strict_oos,2026-08-11,1,002885,京泉华,0.5059219642722756,1.0,0.5227693846111486,0
strict_oos,2026-08-11,2,000802,北京文化,0.4468818728552573,0.9875,0.3589148881333181,1
strict_oos,2026-08-11,3,600490,鹏欣资源,0.4189729868855658,0.975,0.3419247210187334,0
strict_oos,2026-08-11,4,001388,信通电子,0.38031232334541054,0.9625,0.3312580630401767,0
strict_oos,2026-08-11,5,001258,立新能源,0.2370480144434087,0.93125,0.3071691494139112,1
strict_oos,2026-08-11,6,600683,京投发展,0.32227069144842435,0.9312499999999999,0.28504686715299205,1
strict_oos,2026-08-12,1,603087,甘李药业,0.33149566537210534,0.9864864864864865,0.3430924812689134,0
strict_oos,2026-08-12,2,000779,甘咨询,0.35346808824883424,0.972972972972973,0.28638395306157594,0
strict_oos,2026-08-12,3,002721,金一文化,0.22118358944468694,0.945945945945946,0.337347608207631,0
strict_oos,2026-08-12,4,603106,恒银科技,0.25123747693585685,0.8918918918918919,0.2697761487355367,0
strict_oos,2026-08-12,5,600162,香江控股,0.18748021257980124,0.8378378378378379,0.247765676731771,1
strict_oos,2026-08-12,6,603823,百合花,0.15721295330537524,0.8108108108108109,0.27032428873610487,0
strict_oos,2026-08-13,1,002483,润邦股份,0.40444752701567893,0.9927536231884058,0.46180600180112835,0
strict_oos,2026-08-13,2,600602,云赛智联,0.3992768198047367,0.9927536231884058,0.47530153283274285,0
strict_oos,2026-08-13,3,002682,龙洲股份,0.2889118546220881,0.9710144927536232,0.2963028087550649,0
strict_oos,2026-08-13,4,003032,传智教育,0.2131263940695339,0.9565217391304348,0.2909430530091719,0
strict_oos,2026-08-13,5,000593,德龙汇能,0.20344432167725185,0.9275362318840579,0.26654870633673955,1
strict_oos,2026-08-13,6,002146,荣盛发展,0.17793698815514722,0.8985507246376812,0.2595746290760421,0
strict_oos,2026-08-14,1,603236,移远通信,0.43647562442151006,1.0,0.5029553458572874,0
strict_oos,2026-08-14,2,002575,群兴玩具,0.4247961137428268,0.967741935483871,0.49030569815720915,0
strict_oos,2026-08-14,3,002322,理工能科,0.39416766244448437,0.9354838709677419,0.4796603123818115,1
strict_oos,2026-08-14,4,002174,游族网络,0.25351627234452784,0.9032258064516129,0.2846171870396547,0
strict_oos,2026-08-14,5,603956,威派格,0.14515968945487948,0.8387096774193549,0.24233463122956456,0
strict_oos,2026-08-14,6,002219,新里程,0.13803175849160002,0.8387096774193548,0.25139865952631624,0
strict_oos,2026-08-17,1,002907,华森制药,0.4757973722722768,1.0,0.5159547957647491,1
strict_oos,2026-08-17,2,600645,中源协和,0.31843425121817126,0.975609756097561,0.31127567202251816,0
strict_oos,2026-08-17,3,600272,开开实业,0.2316473729951502,0.9512195121951219,0.296534760222843,0
strict_oos,2026-08-17,4,002951,金时科技,0.203608440274793,0.926829268292683,0.26450854316674954,0
strict_oos,2026-08-17,5,600829,人民同泰,0.18979645807429857,0.9024390243902439,0.25469641725647413,0
strict_oos,2026-08-17,6,000950,重药控股,0.17223216710405545,0.8292682926829269,0.23127414201764754,0
strict_oos,2026-08-18,1,600165,宁科生物,0.41393204591029287,1.0,0.45632266183276327,1
strict_oos,2026-08-18,2,605179,一鸣食品,0.24359308172570668,0.9871794871794872,0.36179590416951635,1
strict_oos,2026-08-18,3,002437,誉衡药业,0.23904423018212778,0.9743589743589743,0.30254297479350717,0
strict_oos,2026-08-18,4,601700,风范股份,0.22554338659094364,0.9615384615384616,0.29790892699815213,0
strict_oos,2026-08-18,5,002229,鸿博股份,0.22271923808295277,0.9487179487179487,0.29737823497286103,0
strict_oos,2026-08-18,6,603102,百合股份,0.18124676943964513,0.9294871794871795,0.2706906849879779,0
strict_oos,2026-08-19,1,000153,丰原药业,0.4805383090633132,1.0,0.533730410518129,0
strict_oos,2026-08-19,2,002953,日丰股份,0.41020904055165747,0.9711538461538461,0.4820023292560225,1
strict_oos,2026-08-19,3,000526,学大教育,0.37575181858755735,0.9711538461538461,0.5180610958568028,1
strict_oos,2026-08-19,4,000620,盈新发展,0.36394269079278413,0.9423076923076923,0.3668854506311599,0
strict_oos,2026-08-19,5,600272,开开实业,0.15658995543014537,0.9134615384615385,0.25134837182134706,0
strict_oos,2026-08-19,6,600722,金牛化工,0.1671249334783737,0.875,0.23926789818747285,0
strict_oos,2026-08-20,1,002333,罗普斯金,0.48204474774925604,1.0,0.5385837846342791,0
strict_oos,2026-08-20,2,603506,南都物业,0.3787041533702656,0.9375,0.33092880392360674,0
strict_oos,2026-08-20,3,601011,宝泰隆,0.30409780089365224,0.9166666666666667,0.3396030814235743,0
strict_oos,2026-08-20,4,600783,鲁信创投,0.3374962898411723,0.8958333333333333,0.3092005867259029,0
strict_oos,2026-08-20,5,603102,百合股份,0.16139289558192788,0.8125,0.2793824027453974,0
strict_oos,2026-08-20,6,000736,中交发展,0.16262624458141958,0.7708333333333334,0.23374907246148316,0
strict_oos,2026-08-21,1,002038,双鹭药业,0.49215359952581794,1.0,0.5279991944966684,1
strict_oos,2026-08-21,2,000931,中 关 村,0.467508183716343,0.9811320754716981,0.5018593012543371,1
strict_oos,2026-08-21,3,600613,神奇制药,0.46625824624960976,0.9622641509433962,0.5000600463551007,0
strict_oos,2026-08-21,4,002365,永安药业,0.3999174301816581,0.9433962264150944,0.39814406925433427,0
strict_oos,2026-08-21,5,002437,誉衡药业,0.2827011896502285,0.8867924528301887,0.3258785051144041,0
strict_oos,2026-08-21,6,002940,昂利康,0.3541046085181935,0.8867924528301887,0.3140354884086214,0
strict_oos,2026-08-24,1,600785,新华百货,0.5040756419805367,1.0,0.4938037615650807,1
strict_oos,2026-08-24,2,601177,杭齿前进,0.425189984780539,0.972972972972973,0.358186463443973,0
strict_oos,2026-08-24,3,002209,达 意 隆,0.3094483371856899,0.9459459459459459,0.3244385806869687,0
strict_oos,2026-08-24,4,603079,圣达生物,0.20610540999224025,0.9054054054054055,0.29436972307934345,0
strict_oos,2026-08-24,5,600353,旭光电子,0.2087394284934905,0.9054054054054055,0.25270633779479157,0
strict_oos,2026-08-24,6,002716,湖南白银,0.16670611954274203,0.7837837837837838,0.2327420324605664,1
strict_oos,2026-08-25,1,002445,中南文化,0.5539812245273065,1.0,0.5728596261033178,1
strict_oos,2026-08-25,2,002084,海鸥住工,0.483213294996544,0.9558823529411764,0.5526241647281502,1
strict_oos,2026-08-25,3,000925,众合科技,0.5144432547741271,0.9558823529411764,0.5332215520447869,0
strict_oos,2026-08-25,4,002906,华阳集团,0.4610301622341403,0.9117647058823529,0.5243609163657138,0
strict_oos,2026-08-25,5,600604,市北高新,0.3813946393246567,0.8676470588235294,0.35544711644656424,0
strict_oos,2026-08-25,6,002015,协鑫能科,0.37011872658269324,0.8676470588235294,0.4465513501659063,0
strict_oos,2026-08-26,1,600127,金健米业,0.20959736279498387,1.0,0.31230972649580885,0
strict_oos,2026-08-26,2,603395,中盐红四方,0.19201383102329908,0.9705882352941176,0.2760787776927551,0
strict_oos,2026-08-26,3,603113,金能科技,0.1931879339424841,0.9607843137254901,0.25292282714496683,0
strict_oos,2026-08-26,4,002686,亿利达,0.153430958027863,0.8627450980392157,0.25780514491822915,0
strict_oos,2026-08-26,5,600371,万向德农,0.1618251188315316,0.8529411764705883,0.24730577837351753,1
strict_oos,2026-08-26,6,000560,我爱我家,0.17603421162512778,0.8529411764705882,0.2378956604501433,0
strict_oos,2026-08-27,1,603396,金辰股份,0.4075373215910075,1.0,0.48845606812394937,0
strict_oos,2026-08-27,2,600479,千金药业,0.35537753166533326,0.9714285714285714,0.3467539844318156,1
strict_oos,2026-08-27,3,605277,新亚电子,0.33668957853531595,0.9428571428571428,0.33221421576354,0
strict_oos,2026-08-27,4,605169,洪通燃气,0.27587504403323865,0.8999999999999999,0.2955044472736488,0
strict_oos,2026-08-27,5,002366,融发核电,0.2387076885888156,0.8571428571428572,0.28055640901686074,0
strict_oos,2026-08-27,6,600272,开开实业,0.1647320769430768,0.8285714285714285,0.30329196390349833,0
strict_oos,2026-08-28,1,600540,新赛股份,0.485228690967544,0.9901960784313726,0.5341816865125775,1
strict_oos,2026-08-28,2,600613,神奇制药,0.5160300667077738,0.9803921568627452,0.45077558712584015,0
strict_oos,2026-08-28,3,002155,湖南黄金,0.39176953142349874,0.9705882352941176,0.4829049191117687,0
strict_oos,2026-08-28,4,603237,五芳斋实业,0.3473359408643484,0.9313725490196079,0.3406721407716931,0
strict_oos,2026-08-28,5,600721,百花医药,0.24408967772044382,0.9215686274509804,0.34313273923462245,0
strict_oos,2026-08-28,6,600127,金健米业,0.24825415972322745,0.9117647058823529,0.29554858227310926,0
strict_oos,2026-08-31,1,002631,德尔未来,0.406938611499388,0.9915254237288136,0.35041500278771587,0
strict_oos,2026-08-31,2,002354,天娱数科,0.36100979571375574,0.9915254237288136,0.44470405603052415,0
strict_oos,2026-08-31,3,002437,誉衡药业,0.20381620261501324,0.9491525423728813,0.2653213022406653,0
strict_oos,2026-08-31,4,002949,华阳国际,0.16973952969572864,0.9406779661016949,0.284121055148979,0
strict_oos,2026-08-31,5,601700,风范股份,0.15665818908362028,0.923728813559322,0.2704323936812327,0
strict_oos,2026-08-31,6,600354,敦煌种业,0.19156043662449845,0.923728813559322,0.2615452441558328,0
strict_oos,2026-09-01,1,002133,广宇集团,0.3737458212703083,1.0,0.4693164214617872,0
strict_oos,2026-09-01,2,000965,天保基建,0.34693642155602844,0.9833333333333333,0.32431093137867273,0
strict_oos,2026-09-01,3,002081,金 螳 螂,0.24089637254117724,0.9666666666666667,0.28737352599219695,0
strict_oos,2026-09-01,4,600121,郑州煤电,0.18083529452062386,0.9333333333333333,0.24164067684654203,1
strict_oos,2026-09-01,5,603358,华达科技,0.15306575361705427,0.9,0.25178301094458694,0
strict_oos,2026-09-01,6,002909,集泰股份,0.1555067222133946,0.9,0.23708635258516847,1
strict_oos,2026-09-02,1,000635,英 力 特,0.4802317048957669,1.0,0.5183767170938545,1
strict_oos,2026-09-02,2,603221,爱丽家居,0.2569020184147904,0.9827586206896551,0.37794090600796,0
strict_oos,2026-09-02,3,600127,金健米业,0.24740560174553927,0.9482758620689655,0.31618837275019546,0
strict_oos,2026-09-02,4,600479,千金药业,0.24011629280857522,0.9482758620689655,0.3378849751856479,0
strict_oos,2026-09-02,5,600272,开开实业,0.2107675740643511,0.9137931034482759,0.3089547471547538,0
strict_oos,2026-09-02,6,605179,一鸣食品,0.17099354854148482,0.9051724137931034,0.33919528521519904,0
strict_oos,2026-09-03,1,002274,华昌化工,0.4487999840948818,1.0,0.4075038021271919,0
strict_oos,2026-09-03,2,002886,沃特股份,0.19603841275154618,0.9714285714285714,0.28817017927587885,0
strict_oos,2026-09-03,3,001326,联域股份,0.15637682262212735,0.9142857142857143,0.27876417703776424,0
strict_oos,2026-09-03,4,600657,信达地产,0.1796236082285053,0.9142857142857143,0.2496449366683984,1
strict_oos,2026-09-03,5,002632,道明光学,0.14667073105674353,0.8571428571428572,0.2544222441616188,0
strict_oos,2026-09-03,6,603958,哈森股份,0.15101984036849928,0.7857142857142858,0.2373068495083807,0
strict_oos,2026-09-04,1,605398,新炬网络,0.46548076513954645,1.0,0.527844706438838,1
strict_oos,2026-09-04,2,600479,千金药业,0.2042193410267398,0.96875,0.28375326620012636,0
strict_oos,2026-09-04,3,002328,新朋股份,0.16213235029696021,0.890625,0.2593065146053911,0
strict_oos,2026-09-04,4,600610,中毅达,0.1631316851116164,0.875,0.2529645907005701,0
strict_oos,2026-09-04,5,002631,德尔未来,0.178950040022903,0.859375,0.24127014027303634,0
strict_oos,2026-09-04,6,600108,亚盛集团,0.15340190177681567,0.796875,0.24565677706558728,1
strict_oos,2026-09-07,1,003040,楚天龙,0.5063930530175746,1.0,0.510522653909293,0
strict_oos,2026-09-07,2,603123,翠微股份,0.28112569326219394,0.9666666666666667,0.32574479891664515,0
strict_oos,2026-09-07,3,000560,我爱我家,0.18831528241575013,0.9333333333333333,0.29200106367523226,0
strict_oos,2026-09-07,4,601579,会稽山,0.18795767741309988,0.8666666666666667,0.27259160817092626,0
strict_oos,2026-09-07,5,001366,播恩集团,0.16123276599541447,0.8500000000000001,0.28647416575183743,1
strict_oos,2026-09-07,6,000428,华天酒店,0.15923319433451028,0.7833333333333334,0.25488709169880613,1
strict_oos,2026-09-08,1,002881,美格智能,0.3997103749502539,1.0,0.4893393717466117,0
strict_oos,2026-09-08,2,001296,长江材料,0.36391848732662957,0.9861111111111112,0.4676078838615915,0
strict_oos,2026-09-08,3,601086,国芳集团,0.2155535173087436,0.9652777777777778,0.38967775742707533,0
strict_oos,2026-09-08,4,603083,剑桥科技,0.3249101306310813,0.9583333333333333,0.32096029061290404,0
strict_oos,2026-09-08,5,600127,金健米业,0.2051211992037068,0.9375,0.3138240792113606,0
strict_oos,2026-09-08,6,002909,集泰股份,0.1969741851165594,0.9375,0.37453700626189435,1
strict_oos,2026-09-09,1,000523,红棉股份,0.4136014873261542,0.9903846153846154,0.5313576218834271,1
strict_oos,2026-09-09,2,600880,博瑞传播,0.4629505105115955,0.9903846153846154,0.5187371438963542,0
strict_oos,2026-09-09,3,600737,中粮糖业,0.36004692607097505,0.9519230769230769,0.3716436710959353,0
strict_oos,2026-09-09,4,603938,三孚股份,0.35147851311380546,0.9519230769230769,0.43176006411833184,0
strict_oos,2026-09-09,5,601999,出版传媒,0.16041427694044813,0.9134615384615385,0.2741414389840934,0
strict_oos,2026-09-09,6,605177,东亚药业,0.15100556099035445,0.8942307692307693,0.2809916259598579,0
strict_oos,2026-09-10,1,002162,悦心健康,0.237255770280015,0.9848484848484849,0.2762152116688238,0
strict_oos,2026-09-10,2,601579,会稽山,0.17212637481818815,0.9545454545454546,0.27458039687556735,0
strict_oos,2026-09-10,3,600540,新赛股份,0.13469299534641974,0.9090909090909092,0.27764475379661524,0
strict_oos,2026-09-10,4,603162,海通发展,0.15894271545253263,0.893939393939394,0.24594744332376647,0
strict_oos,2026-09-10,5,600359,新农开发,0.14583491514606603,0.8636363636363636,0.25659705855677295,1
strict_oos,2026-09-10,6,600121,郑州煤电,0.15345400108532808,0.8484848484848485,0.23762511601013933,0
strict_oos,2026-09-11,1,600318,新力金融,0.4107416999747237,1.0,0.36655258528781753,0
strict_oos,2026-09-11,2,600488,津药药业,0.29014914581829715,0.9583333333333334,0.3253436393366059,0
strict_oos,2026-09-11,3,600712,南宁百货,0.16903487931726874,0.8958333333333333,0.25257738441675726,0
strict_oos,2026-09-11,4,001299,美能能源,0.13637029267780812,0.8125,0.21942413262958152,0
strict_oos,2026-09-11,5,002661,克明食品,0.12932569130438754,0.8125,0.2579818976260758,0
strict_oos,2026-09-11,6,002204,大连重工,0.12936753806975515,0.7916666666666667,0.22259405457721057,0
strict_oos,2026-09-14,1,002161,远 望 谷,0.46519481161017495,1.0,0.544685403431706,0
strict_oos,2026-09-14,2,002815,崇达技术,0.21319751343534518,0.95,0.2604762933908685,0
strict_oos,2026-09-14,3,000980,众泰汽车,0.14220384400282796,0.9166666666666667,0.27344239971963813,1
strict_oos,2026-09-14,4,603938,三孚股份,0.14385743855323788,0.9,0.2441504581153973,0
strict_oos,2026-09-14,5,603936,博敏电子,0.1457042405060134,0.8833333333333333,0.23427791163825404,0
strict_oos,2026-09-14,6,002902,铭普光磁,0.14009004123860036,0.8500000000000001,0.23711852503519573,0
strict_oos,2026-09-15,1,002212,天融信,0.40229994277836095,1.0,0.5018101976215789,0
strict_oos,2026-09-15,2,000981,山子高科,0.38486733507277365,0.9705882352941176,0.48282861699063334,0
strict_oos,2026-09-15,3,000839,国安股份,0.29261665246000323,0.9264705882352942,0.350311064299068,0
strict_oos,2026-09-15,4,000978,桂林旅游,0.20600592416126395,0.9117647058823529,0.35117878637043926,0
strict_oos,2026-09-15,5,601086,国芳集团,0.24752473057638028,0.8970588235294117,0.3076809048468048,0
strict_oos,2026-09-15,6,002172,澳洋健康,0.14612056120431952,0.8235294117647058,0.27007075487550347,0
strict_oos,2026-09-16,1,603186,华正新材,0.2287631138539592,1.0,0.28566376945798866,0
strict_oos,2026-09-16,2,002531,天顺风能,0.2213264763819131,0.9583333333333334,0.25715063562449897,0
strict_oos,2026-09-16,3,601579,会稽山,0.1675389533836744,0.8541666666666667,0.24297915374389029,1
strict_oos,2026-09-16,4,605162,新中港,0.15075539496199017,0.8333333333333333,0.2536374229987295,0
strict_oos,2026-09-16,5,603353,和顺石油,0.17853596797704585,0.8333333333333333,0.23914238070986357,0
strict_oos,2026-09-16,6,601218,吉鑫科技,0.16202661581715974,0.7916666666666666,0.2393391307994055,0
strict_oos,2026-09-17,1,002442,龙星科技,0.3608635062445936,1.0,0.484066621167587,0
strict_oos,2026-09-17,2,003001,中岩大地,0.21108200891617357,0.9779411764705883,0.3017894339795961,1
strict_oos,2026-09-17,3,600371,万向德农,0.12981558278158412,0.9485294117647058,0.3133026982553662,1
strict_oos,2026-09-17,4,002068,黑猫股份,0.15765973607026884,0.9411764705882353,0.23749376498351413,0
strict_oos,2026-09-17,5,002913,奥士康,0.14236445689525312,0.9411764705882353,0.23827491973508824,0
strict_oos,2026-09-17,6,603328,依顿电子,0.1302103571909517,0.8897058823529411,0.2271433940264065,0
strict_oos,2026-09-18,1,600792,云煤能源,0.26628828621017336,0.9852941176470589,0.29464164104322044,0
strict_oos,2026-09-18,2,000980,众泰汽车,0.23531031223162296,0.9852941176470589,0.29767678611975373,0
strict_oos,2026-09-18,3,600127,金健米业,0.18243754315086483,0.9264705882352942,0.29304882900016593,1
strict_oos,2026-09-18,4,000868,安凯客车,0.18121581249614313,0.8970588235294117,0.2868711648406135,0
strict_oos,2026-09-18,5,600929,雪天盐业,0.1843006868656125,0.8676470588235294,0.269604370575285,0
strict_oos,2026-09-18,6,605162,新中港,0.1767001684461037,0.838235294117647,0.2765562019267764,0
